Category String,Code,Description,Usage,Specifications,Category String2,Category Name - 1,Category Name - 2,Category Name - 3,Category Name - 4,Category Name - 5,Category Name - 6,Category Name - 7,Category Name - 8,Category Name - 9,Featured Image,Product Image File - 1,Product Image URL - 1,Product Image File - 2,Product Image URL - 2,Product Image File - 3,Product Image URL - 3,Product Image File - 4,Product Image URL - 4,Product Image File - 5,Product Image URL - 5,Product Image File - 6,Product Image URL - 6,Product Image File - 7,Product Image URL - 7,Product Image File - 8,Product Image URL - 8,Product Image File - 9,Product Image URL - 9,Product Image File - 10,Product Image URL - 10
Spotlight,A-AHA6, <p>3mm clear acrylic&nbsp; for counter top display of POS material.</p> <p>Available in A4 and A6.</p>,,,Spotlight/Acrylic Display,Acrylic Display,,,,,,,,,http://www.sjdg.com.au/product_images/w/042/A-AH.line__62766.jpg,A-AHA-product__76529.jpg,http://www.sjdg.com.au/product_images/e/694/A-AHA-product__76529.jpg,A-AH.line__62766.jpg,http://www.sjdg.com.au/product_images/w/042/A-AH.line__62766.jpg,,,,,,,,,,,,,,,,
Spotlight,A-AHA4, <p>3mm clear acrylic&nbsp; for counter top display of POS material.</p> <p>Available in A4 and A6.</p>,,,Spotlight/Acrylic Display,Acrylic Display,,,,,,,,,http://www.sjdg.com.au/product_images/w/042/A-AH.line__62766.jpg,A-AHA-product__76529.jpg,http://www.sjdg.com.au/product_images/e/694/A-AHA-product__76529.jpg,A-AH.line__62766.jpg,http://www.sjdg.com.au/product_images/w/042/A-AH.line__62766.jpg,,,,,,,,,,,,,,,,
Spotlight,A-GCS," <p class=""p1"">3mm clear acrylic.freestanding. 120mm wide x 420mm high. 50mm x 120mm header panel. Complete with 2 x 75mm plastic hanging hooks.</p>",,,Spotlight/Acrylic Display,Acrylic Display,,,,,,,,,http://www.sjdg.com.au/product_images/n/955/A-GCS__52947.jpg,A-GCS__52947.jpg,http://www.sjdg.com.au/product_images/n/955/A-GCS__52947.jpg,,,,,,,,,,,,,,,,,,
Spotlight,A-HPHA4, <p>3mm clear acrylic with 2 x 3mm hanging holes.To hold A4 size POS material.</p>,,,Spotlight/Acrylic Display,Acrylic Display,,,,,,,,,http://www.sjdg.com.au/product_images/p/160/A-HPHA4-product__87682.jpg,A-HPHA3-group__11430.jpg,http://www.sjdg.com.au/product_images/i/633/A-HPHA3-group__11430.jpg,A-HPHA4-product__87682.jpg,http://www.sjdg.com.au/product_images/p/160/A-HPHA4-product__87682.jpg,,,,,,,,,,,,,,,,
Spotlight,A-PHPA1," <p class=""p1"">3mm clear acrylic for use with cable systems P-PHEG/P-CSTB.</p>",,,Spotlight/Acrylic Display,Acrylic Display,,,,,,,,,http://www.sjdg.com.au/product_images/k/074/A-PHPA-product__72063.jpg,A-PHPA-product__72063.jpg,http://www.sjdg.com.au/product_images/k/074/A-PHPA-product__72063.jpg,,,,,,,,,,,,,,,,,,
Spotlight,A-SHA4, <p>3mm clear acrylic. Suits A4 sheets or light card.</p>,,,Spotlight/Acrylic Display,Acrylic Display,,,,,,,,,http://www.sjdg.com.au/product_images/q/417/A-SHA-product__22707.jpg,A-SHA-usage2__13255.jpg,http://www.sjdg.com.au/product_images/s/432/A-SHA-usage2__13255.jpg,A-SHA-product__22707.jpg,http://www.sjdg.com.au/product_images/q/417/A-SHA-product__22707.jpg,,,,,,,,,,,,,,,,
Spotlight,A-SHA4," <p>Straight Card Holder, 3mm clear acrylic.</p>",,,Spotlight/Acrylic Display,Acrylic Display,,,,,,,,,http://www.sjdg.com.au/product_images/j/508/A-SHA-product__59273.jpg,A-SHA-usage1__97692.jpg,http://www.sjdg.com.au/product_images/r/148/A-SHA-usage1__97692.jpg,A-SHA-product__59273.jpg,http://www.sjdg.com.au/product_images/j/508/A-SHA-product__59273.jpg,,,,,,,,,,,,,,,,
Spotlight,B-BC, <p>Clear acrylic. Holds business cards up to 93mm wide.</p>,,,Spotlight/Brochure Holders,Brochure Holders,,,,,,,,,http://www.sjdg.com.au/product_images/s/061/B-BC-product__08197.jpg,B-BC-usage1__28040.jpg,http://www.sjdg.com.au/product_images/n/024/B-BC-usage1__28040.jpg,B-BC-product__08197.jpg,http://www.sjdg.com.au/product_images/s/061/B-BC-product__08197.jpg,,,,,,,,,,,,,,,,
Spotlight,B-EDLFB," <p>DL Vertical, full height support for brochures, scratch resistant, clip on or free standing when combined with the universal base bracket (E-EUBB)</p> ",,,Spotlight/Brochure Holders,Brochure Holders,,,,,,,,,http://www.sjdg.com.au/product_images/f/673/B-EA4FB-product__12192.jpg,B-EA4FB-product__12192.jpg,http://www.sjdg.com.au/product_images/f/673/B-EA4FB-product__12192.jpg,,,,,,,,,,,,,,,,,,
Spotlight,B-EA5FB," <p>A5 Vertical, full height support for brochures, scratch resistant, clip on or free standing when combined with the universal base bracket (E-EUBB)</p> <p>Available in A4, A5, DL.</p>",,,Spotlight/Brochure Holders,Brochure Holders,,,,,,,,,http://www.sjdg.com.au/product_images/f/673/B-EA4FB-product__12192.jpg,B-EA4FB-product__12192.jpg,http://www.sjdg.com.au/product_images/f/673/B-EA4FB-product__12192.jpg,,,,,,,,,,,,,,,,,,
Spotlight,B-EA4FB," <p>A4 Vertical, full height support for brochures, scratch resistant, clip on or free standing when combined with the universal base bracket (E-EUBB)</p> <p>Available in A4, A5, DL.</p>",,,Spotlight/Brochure Holders,Brochure Holders,,,,,,,,,http://www.sjdg.com.au/product_images/f/673/B-EA4FB-product__12192.jpg,B-EA4FB-product__12192.jpg,http://www.sjdg.com.au/product_images/f/673/B-EA4FB-product__12192.jpg,,,,,,,,,,,,,,,,,,
Spotlight,B-EWSA, <p>Converts Expanda brochure holders for use in slatwall.</p>,,,Spotlight/Brochure Holders,Brochure Holders,,,,,,,,,http://www.sjdg.com.au/product_images/r/243/B-EWSA-product__35032.jpg,B-EWSA-usage2__78445.jpg,http://www.sjdg.com.au/product_images/u/637/B-EWSA-usage2__78445.jpg,B-EWSA-usage3__87246.jpg,http://www.sjdg.com.au/product_images/u/766/B-EWSA-usage3__87246.jpg,B-EWSA-product__35032.jpg,http://www.sjdg.com.au/product_images/r/243/B-EWSA-product__35032.jpg,,,,,,,,,,,,,,
Spotlight,B-FSDL, <p>DL 3mm clear acrylic.</p>,,,Spotlight/Brochure Holders,Brochure Holders,,,,,,,,,http://www.sjdg.com.au/product_images/y/360/B-FSA5.line__87870.jpg,B-FSA5-product__44976.jpg,http://www.sjdg.com.au/product_images/r/006/B-FSA5-product__44976.jpg,B-FSA5.line__87870.jpg,http://www.sjdg.com.au/product_images/y/360/B-FSA5.line__87870.jpg,,,,,,,,,,,,,,,,
Spotlight,B-FSA4, <p>A4 3mm clear acrylic.</p>,,,Spotlight/Brochure Holders,Brochure Holders,,,,,,,,,http://www.sjdg.com.au/product_images/y/360/B-FSA5.line__87870.jpg,B-FSA5-product__44976.jpg,http://www.sjdg.com.au/product_images/r/006/B-FSA5-product__44976.jpg,,,,,,,,,,,,,,,,,,
Spotlight,B-FSA5, <p>A5 3mm clear acrylic.</p>,,,Spotlight/Brochure Holders,Brochure Holders,,,,,,,,,http://www.sjdg.com.au/product_images/y/360/B-FSA5.line__87870.jpg,B-FSA5-product__44976.jpg,http://www.sjdg.com.au/product_images/r/006/B-FSA5-product__44976.jpg,,,,,,,,,,,,,,,,,,
Spotlight,B-FSA43, <p>3mm clear acrylic. Free standing to hold 3&nbsp; sets of A4 brochures to 225mm wide.</p>,,,Spotlight/Brochure Holders,Brochure Holders,,,,,,,,,http://www.sjdg.com.au/product_images/n/496/B-FSA43-product__97034.jpg,B-FSA43-product__97034.jpg,http://www.sjdg.com.au/product_images/n/496/B-FSA43-product__97034.jpg,,,,,,,,,,,,,,,,,,
Spotlight,B-WA4," <p>Wall mounting by screw, adhesive or on aluminium wall bracket B-EAWB.... Holds brochures with full height support&nbsp; to 230mm wide. 3mm clear acrylic.</p>",,,Spotlight/Brochure Holders,Brochure Holders,,,,,,,,,http://www.sjdg.com.au/product_images/j/756/B-WA4__48610.jpg,B-WA4__48610.jpg,http://www.sjdg.com.au/product_images/j/756/B-WA4__48610.jpg,,,,,,,,,,,,,,,,,,
Spotlight,B-WA43, <p>Wall mounting by screw or adhesive. 3 x 30mm deep A4 pockets. 3mm clear acrylic.</p>,,,Spotlight/Brochure Holders,Brochure Holders,,,,,,,,,http://www.sjdg.com.au/product_images/p/815/B-WA43-product__39721.jpg,B-WA43-usage1__65295.jpg,http://www.sjdg.com.au/product_images/h/727/B-WA43-usage1__65295.jpg,B-WA43-product__39721.jpg,http://www.sjdg.com.au/product_images/p/815/B-WA43-product__39721.jpg,,,,,,,,,,,,,,,,
Spotlight,B-WA4D, <p>Wall mounting. 3mm clear acylic. Holds brochures to 215mm wide. Extra deep 80mm capacity.</p>,,,Spotlight/Brochure Holders,Brochure Holders,,,,,,,,,http://www.sjdg.com.au/product_images/n/444/B-WA4D.line__10956.jpg,B-WA4D-product__46351.jpg,http://www.sjdg.com.au/product_images/e/090/B-WA4D-product__46351.jpg,B-WA4D.line__10956.jpg,http://www.sjdg.com.au/product_images/n/444/B-WA4D.line__10956.jpg,,,,,,,,,,,,,,,,
Spotlight,B-WA5, <p>Wall mounting by screw or adhesive. Holds brochures with full height support to 160mm wide. 3mm clear acrylic.</p>,,,Spotlight/Brochure Holders,Brochure Holders,,,,,,,,,http://www.sjdg.com.au/product_images/b/004/B-WA5-product__50992.jpg,B-WA5-product__50992.jpg,http://www.sjdg.com.au/product_images/b/004/B-WA5-product__50992.jpg,,,,,,,,,,,,,,,,,,
Spotlight,C-AWH1000, <p>2mm diameter steel with hanging hooks on each end for ceiling hung signage.</p>,,,Spotlight/Display Accessories,Display Accessories,,,,,,,,,http://www.sjdg.com.au/product_images/c/534/C-AWH1200-product__02416.jpg,C-AWH1200-product__02416.jpg,http://www.sjdg.com.au/product_images/c/534/C-AWH1200-product__02416.jpg,,,,,,,,,,,,,,,,,,
Spotlight,C-AWH150, <p>2mm diameter steel with hanging hooks on each end for ceiling hung signage.</p>,,,Spotlight/Display Accessories,Display Accessories,,,,,,,,,http://www.sjdg.com.au/product_images/c/534/C-AWH1200-product__02416.jpg,C-AWH1200-product__02416.jpg,http://www.sjdg.com.au/product_images/c/534/C-AWH1200-product__02416.jpg,,,,,,,,,,,,,,,,,,
Spotlight,C-AWH300, <p>2mm diameter steel with hanging hooks on each end for ceiling hung signage.</p>,,,Spotlight/Display Accessories,Display Accessories,,,,,,,,,http://www.sjdg.com.au/product_images/c/534/C-AWH1200-product__02416.jpg,C-AWH1200-product__02416.jpg,http://www.sjdg.com.au/product_images/c/534/C-AWH1200-product__02416.jpg,,,,,,,,,,,,,,,,,,
Spotlight,C-AWH400, <p>2mm diameter steel with hanging hooks on each end for ceiling hung signage.</p>,,,Spotlight/Display Accessories,Display Accessories,,,,,,,,,http://www.sjdg.com.au/product_images/c/534/C-AWH1200-product__02416.jpg,C-AWH1200-product__02416.jpg,http://www.sjdg.com.au/product_images/c/534/C-AWH1200-product__02416.jpg,,,,,,,,,,,,,,,,,,
Spotlight,C-AWH600, <p>2mm diameter steel with hanging hooks on each end for ceiling hung signage.</p>,,,Spotlight/Display Accessories,Display Accessories,,,,,,,,,http://www.sjdg.com.au/product_images/c/534/C-AWH1200-product__02416.jpg,C-AWH1200-product__02416.jpg,http://www.sjdg.com.au/product_images/c/534/C-AWH1200-product__02416.jpg,,,,,,,,,,,,,,,,,,
Spotlight,C-AWH900, <p>2mm diameter steel with hanging hooks on each end for ceiling hung signage.</p>,,,Spotlight/Display Accessories,Display Accessories,,,,,,,,,http://www.sjdg.com.au/product_images/c/534/C-AWH1200-product__02416.jpg,C-AWH1200-product__02416.jpg,http://www.sjdg.com.au/product_images/c/534/C-AWH1200-product__02416.jpg,,,,,,,,,,,,,,,,,,
Spotlight,C-AWH100, <p>2mm diameter steel with hanging hooks on each end for ceiling hung signage.</p>,,,Spotlight/Display Accessories,Display Accessories,,,,,,,,,http://www.sjdg.com.au/product_images/c/534/C-AWH1200-product__02416.jpg,C-AWH1200-product__02416.jpg,http://www.sjdg.com.au/product_images/c/534/C-AWH1200-product__02416.jpg,,,,,,,,,,,,,,,,,,
Spotlight,C-PG900," <p>Clear plastic poster gripper with hinged section with flexible plastic ""jaws"" to hold material from single sheet paper to 2mm thick. Use with C-PGHC hanging clips.</p>",,,Spotlight;Spotlight/Poster Display Systems ,Spotlight,Poster Display Systems ,,,,,,,,http://www.sjdg.com.au/product_images/f/191/C-PG900-product__27136.jpg,C-PG-usage1__88317.jpg,http://www.sjdg.com.au/product_images/e/092/C-PG-usage1__88317.jpg,C-PG-usage1__94951.jpg,http://www.sjdg.com.au/product_images/j/468/C-PG-usage1__94951.jpg,C-PG-usage2__07988.jpg,http://www.sjdg.com.au/product_images/h/119/C-PG-usage2__07988.jpg,C-PG900-product__27136.jpg,http://www.sjdg.com.au/product_images/f/191/C-PG900-product__27136.jpg,,,,,,,,,,,,
Spotlight,C-PGHC, <p>Clear clips to slide into C-PG.. poster gripper channels. Use two or more per channel.</p>,,,Spotlight/Poster Display Systems ,Poster Display Systems ,,,,,,,,,http://www.sjdg.com.au/product_images/h/368/C-PGHC-product__28177.jpg,C-PG-usage1__97659.jpg,http://www.sjdg.com.au/product_images/c/260/C-PG-usage1__97659.jpg,C-PG-usage2__95324.jpg,http://www.sjdg.com.au/product_images/o/007/C-PG-usage2__95324.jpg,C-PG-usage1__31271.jpg,http://www.sjdg.com.au/product_images/o/078/C-PG-usage1__31271.jpg,C-PGHC-line__68944.jpg,http://www.sjdg.com.au/product_images/i/376/C-PGHC-line__68944.jpg,C-PGHC-product__28177.jpg,http://www.sjdg.com.au/product_images/h/368/C-PGHC-product__28177.jpg,,,,,,,,,,
Spotlight,D-CC0268," <p>Connects POS, shelf management and display products permanently with 8mm fixing hole.</p> <p>Pack of 10</p>",,,Spotlight/Shelf Management,Shelf Management,,,,,,,,,http://www.sjdg.com.au/product_images/n/187/D-CC0268-product__23288.jpg,D-CC0268-product__23288.jpg,http://www.sjdg.com.au/product_images/n/187/D-CC0268-product__23288.jpg,,,,,,,,,,,,,,,,,,
Spotlight,D-CT100, <p>100mm Clear nylon ties for permanent attachment of POS material.</p>,,,Spotlight/Display Accessories,Display Accessories,,,,,,,,,http://www.sjdg.com.au/product_images/j/269/D-CT-product__80164.jpg,D-CT.usage1__14197.jpg,http://www.sjdg.com.au/product_images/p/273/D-CT.usage1__14197.jpg,D-CT-product__80164.jpg,http://www.sjdg.com.au/product_images/j/269/D-CT-product__80164.jpg,,,,,,,,,,,,,,,,
Spotlight,D-CT140, <p>140mm Clear nylon ties for permanent attachment of POS material.</p>,,,Spotlight/Display Accessories,Display Accessories,,,,,,,,,http://www.sjdg.com.au/product_images/j/269/D-CT-product__80164.jpg,D-CT.usage1__14197.jpg,http://www.sjdg.com.au/product_images/p/273/D-CT.usage1__14197.jpg,,,,,,,,,,,,,,,,,,
Spotlight,D-CT190, <p>190mm Clear nylon ties for permanent attachment of POS material.</p>,,,Spotlight/Display Accessories,Display Accessories,,,,,,,,,http://www.sjdg.com.au/product_images/j/269/D-CT-product__80164.jpg,D-CT.usage1__14197.jpg,http://www.sjdg.com.au/product_images/p/273/D-CT.usage1__14197.jpg,,,,,,,,,,,,,,,,,,
Spotlight,D-CT280, <p>280mm Clear nylon ties for permanent attachment of POS material.</p>,,,Spotlight/Display Accessories,Display Accessories,,,,,,,,,http://www.sjdg.com.au/product_images/j/269/D-CT-product__80164.jpg,D-CT.usage1__14197.jpg,http://www.sjdg.com.au/product_images/p/273/D-CT.usage1__14197.jpg,,,,,,,,,,,,,,,,,,
Spotlight,D-GFF37, <p>Flexible gripper to hold POS material to 3mm thick. 25mm base with foam adhesive tape. 37mm long.</p>,,,Spotlight/Display Accessories,Display Accessories,,,,,,,,,http://www.sjdg.com.au/product_images/g/062/D-GFF37-product__28865.jpg,D-GFF37-product__28865.jpg,http://www.sjdg.com.au/product_images/g/062/D-GFF37-product__28865.jpg,,,,,,,,,,,,,,,,,,
Spotlight,D-GFR, <p>Clear PVC 38mm high x 20mm wide. Clips into data strip or display stands to hold POS material up to 3mm thick.</p>,,,Spotlight/Display Accessories,Display Accessories,,,,,,,,,http://www.sjdg.com.au/product_images/i/525/D-GFR-usage1__25593.jpg,D-GFR-product__47399.jpg,http://www.sjdg.com.au/product_images/c/649/D-GFR-product__47399.jpg,D-GFR-group__19309.jpg,http://www.sjdg.com.au/product_images/g/257/D-GFR-group__19309.jpg,D-GFR-usage2__49596.jpg,http://www.sjdg.com.au/product_images/g/813/D-GFR-usage2__49596.jpg,D-GFR-usage1__25593.jpg,http://www.sjdg.com.au/product_images/i/525/D-GFR-usage1__25593.jpg,,,,,,,,,,,,
Spotlight,D-GHA, <p>Adhesive backed to display POS material on any flat surface. 38mm long.</p>,,,Spotlight/Display Accessories,Display Accessories,,,,,,,,,http://www.sjdg.com.au/product_images/m/738/D-GHA-product__55829.jpg,D-GHA-group__03997.jpg,http://www.sjdg.com.au/product_images/c/973/D-GHA-group__03997.jpg,D-GHA-product__55829.jpg,http://www.sjdg.com.au/product_images/m/738/D-GHA-product__55829.jpg,,,,,,,,,,,,,,,,
Spotlight,D-GHB," <p>Clips over baskets, rails and wire to hold POS material. Use 2 per item.</p> <p>Pack of 50</p>",,,Spotlight/Display Accessories,Display Accessories,,,,,,,,,http://www.sjdg.com.au/product_images/i/356/D-GHB-product__57086.jpg,D-GHB-productgroup__71410.jpg,http://www.sjdg.com.au/product_images/h/026/D-GHB-productgroup__71410.jpg,Z-PETFASLC-usage__73887.jpg,http://www.sjdg.com.au/product_images/b/918/Z-PETFASLC-usage__73887.jpg,D-GHB-product__57086.jpg,http://www.sjdg.com.au/product_images/i/356/D-GHB-product__57086.jpg,,,,,,,,,,,,,,
Spotlight,D-GHH, <p>Hinged POS holder to clip into datastrip or display stands.</p>,,,Spotlight/Display Accessories,Display Accessories,,,,,,,,,http://www.sjdg.com.au/product_images/w/873/D-GHH-product__11522.jpg,D-GHH-product__11522.jpg,http://www.sjdg.com.au/product_images/w/873/D-GHH-product__11522.jpg,,,,,,,,,,,,,,,,,,
Spotlight,D-GHS," <p><span>POS Gripper Holder 25mm (W) with suction Cup, suitable fo windows, cabinets and shelving, suitable for material up to 2mm.</span></p>",,,Spotlight/Display Accessories,Display Accessories,,,,,,,,,http://www.sjdg.com.au/product_images/c/907/D-GHS-product__73683.jpg,D-GHS-productgroup__50280.jpg,http://www.sjdg.com.au/product_images/y/164/D-GHS-productgroup__50280.jpg,D-GHS-product__73683.jpg,http://www.sjdg.com.au/product_images/c/907/D-GHS-product__73683.jpg,,,,,,,,,,,,,,,,
Spotlight,D-HSCC12BK, <p>Black plastic 750mm long with 12 multi clip stations for perforated or non perforated products. 62 x 30mm header plate.</p>,,,Spotlight/Display Accessories,Display Accessories,,,,,,,,,http://www.sjdg.com.au/product_images/u/223/D-HSCC12BK-product__94711.jpg,D-HSCC12BK-product__94711.jpg,http://www.sjdg.com.au/product_images/u/223/D-HSCC12BK-product__94711.jpg,,,,,,,,,,,,,,,,,,
Spotlight,D-HSCC12WE, <p>White plastic 750mm long with 12 multi clip stations for perforated or non perforated products. 62 x 30mm header plate.</p>,,,Spotlight/Display Accessories,Display Accessories,,,,,,,,,http://www.sjdg.com.au/product_images/f/845/D-HSCC12WE-product__33235.jpg,D-HSCCWE-usage1__93015.jpg,http://www.sjdg.com.au/product_images/v/575/D-HSCCWE-usage1__93015.jpg,D-HSCCWE-usage2__13557.jpg,http://www.sjdg.com.au/product_images/r/381/D-HSCCWE-usage2__13557.jpg,D-HSCC12WE-product__33235.jpg,http://www.sjdg.com.au/product_images/f/845/D-HSCC12WE-product__33235.jpg,,,,,,,,,,,,,,
Spotlight,D-HT400, <p>Clear adhesive backed tab 40mm wide x 35mm high. Use to convert products to hang sell or repair existing hang sells.</p>,,,Spotlight/Display Accessories,Display Accessories,,,,,,,,,http://www.sjdg.com.au/product_images/d/972/D-HT400.line__09995.jpg,D-HT550-product__36504.jpg,http://www.sjdg.com.au/product_images/u/918/D-HT550-product__36504.jpg,D-HT400.line__09995.jpg,http://www.sjdg.com.au/product_images/d/972/D-HT400.line__09995.jpg,,,,,,,,,,,,,,,,
Spotlight,D-HTH, <p>Clear adhesive backed hook 40mm high x 38mm wide. Use to convert products to hang sell.</p>,,,Spotlight/Display Accessories,Display Accessories,,,,,,,,,http://www.sjdg.com.au/product_images/g/041/D-HTH__06704.jpg,D-HTH__06704.jpg,http://www.sjdg.com.au/product_images/g/041/D-HTH__06704.jpg,,,,,,,,,,,,,,,,,,
Spotlight,D-HTR, <p>Clear adhesive backed tab 45mm wide to reinforce existing hang sell products.</p>,,,Spotlight/Display Accessories,Display Accessories,,,,,,,,,http://www.sjdg.com.au/product_images/d/824/D-HTR-product__60325.jpg,D-HTR-product__60325.jpg,http://www.sjdg.com.au/product_images/d/824/D-HTR-product__60325.jpg,,,,,,,,,,,,,,,,,,
Spotlight,D-MSH110, <p>Magnetic Sign Holder 110mm</p>,,,Spotlight/Display Accessories,Display Accessories,,,,,,,,,http://www.sjdg.com.au/product_images/d/327/Z-CSMSH110__03172.jpg,Z-CSMSH110__03172.jpg,http://www.sjdg.com.au/product_images/d/327/Z-CSMSH110__03172.jpg,,,,,,,,,,,,,,,,,,
Spotlight,D-POP1, <p>Sprung base to fit 15mm to 30mm diameter rod. Sprung top to hold POS material to 10mm thick.</p>,,,Spotlight/Display Accessories,Display Accessories,,,,,,,,,http://www.sjdg.com.au/product_images/n/607/D-POP1-product1__39875.jpg,D-POP1-product1__39875.jpg,http://www.sjdg.com.au/product_images/n/607/D-POP1-product1__39875.jpg,,,,,,,,,,,,,,,,,,
Spotlight,D-PPA4," <p>Clear flexible .18mm thick PVC pockets to hold POS material. 2mm x 5mm diameter hanging holes.</p> <p>Available in A4, A5, A6.</p>",,,Spotlight/Display Accessories,Display Accessories,,,,,,,,,http://www.sjdg.com.au/product_images/o/905/D-PPA-product__56802.jpg,D-PPA-product__49571.jpg,http://www.sjdg.com.au/product_images/n/587/D-PPA-product__49571.jpg,D-PPA-product__56802.jpg,http://www.sjdg.com.au/product_images/o/905/D-PPA-product__56802.jpg,,,,,,,,,,,,,,,,
Spotlight,D-PPA5," <p>Clear flexible .18mm thick PVC pockets to hold POS material. 2mm x 5mm diameter hanging holes.</p> <p>Available in A4, A5, A6.</p>",,,Spotlight/Display Accessories,Display Accessories,,,,,,,,,http://www.sjdg.com.au/product_images/o/905/D-PPA-product__56802.jpg,D-PPA-product__49571.jpg,http://www.sjdg.com.au/product_images/n/587/D-PPA-product__49571.jpg,D-PPA-product__56802.jpg,http://www.sjdg.com.au/product_images/o/905/D-PPA-product__56802.jpg,,,,,,,,,,,,,,,,
Spotlight,D-PPA6," <p>Clear flexible .18mm thick PVC pockets to hold POS material. 2mm x 5mm diameter hanging holes.</p> <p>Available in A4, A5, A6.</p>",,,Spotlight/Display Accessories,Display Accessories,,,,,,,,,http://www.sjdg.com.au/product_images/o/905/D-PPA-product__56802.jpg,D-PPA-product__49571.jpg,http://www.sjdg.com.au/product_images/n/587/D-PPA-product__49571.jpg,D-PPA-product__56802.jpg,http://www.sjdg.com.au/product_images/o/905/D-PPA-product__56802.jpg,,,,,,,,,,,,,,,,
Spotlight,D-SC40H, <p>40mm clear PVC suction cup with metal hanging hook.</p>,,,Spotlight/Display Accessories,Display Accessories,,,,,,,,,http://www.sjdg.com.au/product_images/s/571/D-SC40H-product__18986.jpg,D-SC40H-productgroup__29737.jpg,http://www.sjdg.com.au/product_images/a/418/D-SC40H-productgroup__29737.jpg,D-SC40H-product__18986.jpg,http://www.sjdg.com.au/product_images/s/571/D-SC40H-product__18986.jpg,,,,,,,,,,,,,,,,
Spotlight,D-SH38, <p>Chrome steel 4.3mm diameter.</p>,,,Spotlight/Display Accessories,Display Accessories,,,,,,,,,http://www.sjdg.com.au/product_images/m/288/D-SH38-product__01251.jpg,D-SH38-productgroup__52011.jpg,http://www.sjdg.com.au/product_images/m/136/D-SH38-productgroup__52011.jpg,D-SH38-product__01251.jpg,http://www.sjdg.com.au/product_images/m/288/D-SH38-product__01251.jpg,,,,,,,,,,,,,,,,
Spotlight,D-STCP100," <p class=""p1"">25mm long clear PVC. Clips into datastrip to hold shelf talkers and POS material.</p> <p class=""p1"">Pack 100.</p>",,,Spotlight/Display Accessories,Display Accessories,,,,,,,,,http://www.sjdg.com.au/product_images/a/327/D-STC-product__84750.jpg,D-STC.line__17189.jpg,http://www.sjdg.com.au/product_images/r/643/D-STC.line__17189.jpg,D-STC-product__84750.jpg,http://www.sjdg.com.au/product_images/a/327/D-STC-product__84750.jpg,,,,,,,,,,,,,,,,
Spotlight,D-SWF,<p>Spotlight Starburst Shelf Wobbler</p>,,,Spotlight/Retail Equipment,Retail Equipment,,,,,,,,,http://www.sjdg.com.au/product_images/v/901/D-SWF-product__41447.jpg,D-SWF-product__41447.jpg,http://www.sjdg.com.au/product_images/v/901/D-SWF-product__41447.jpg,,,,,,,,,,,,,,,,,,
Spotlight,D-TRM25, <p>Chrome plated steel with hinge for secure display of hanging POS material.</p> <p>Pack of 20</p>,,,Spotlight/Display Accessories,Display Accessories,,,,,,,,,http://www.sjdg.com.au/product_images/h/204/D-TRM19-group__08834.jpg,D-TRM19-group__08834.jpg,http://www.sjdg.com.au/product_images/h/204/D-TRM19-group__08834.jpg,,,,,,,,,,,,,,,,,,
Spotlight,D-WS150, <p>150mm long clear PVC with adhesive pads on each end to make instant shelf wobbler.</p>,,,Spotlight/Display Accessories,Display Accessories,,,,,,,,,http://www.sjdg.com.au/product_images/m/988/D-WS150__63814.jpg,D-WS150-product__73055.jpg,http://www.sjdg.com.au/product_images/q/694/D-WS150-product__73055.jpg,D-WS150-productgroup__74708.jpg,http://www.sjdg.com.au/product_images/i/500/D-WS150-productgroup__74708.jpg,D-WS150__63814.jpg,http://www.sjdg.com.au/product_images/m/988/D-WS150__63814.jpg,,,,,,,,,,,,,,
Spotlight,F-AHCW, <p>Clear plastic clips to hang ticket frames (F-FA..) on baskets and display stands.</p>,,,Spotlight/Poster Display Systems ,Poster Display Systems ,,,,,,,,,http://www.sjdg.com.au/product_images/f/761/F-AHCW-product__36324.jpg,F-AHCW-usage1__64787.jpg,http://www.sjdg.com.au/product_images/y/858/F-AHCW-usage1__64787.jpg,F-AHCW-product__36324.jpg,http://www.sjdg.com.au/product_images/f/761/F-AHCW-product__36324.jpg,,,,,,,,,,,,,,,,
Spotlight,F-AJC,<p>Clear plastic to join 2 ticket frames (F-FA.) together.</p>,,,Spotlight/Poster Display Systems ,Poster Display Systems ,,,,,,,,,http://www.sjdg.com.au/product_images/m/960/F-AJC-product__22987.jpg,F-AJC-usage__63403.jpg,http://www.sjdg.com.au/product_images/v/212/F-AJC-usage__63403.jpg,F-AJC-product__22987.jpg,http://www.sjdg.com.au/product_images/m/960/F-AJC-product__22987.jpg,,,,,,,,,,,,,,,,
Spotlight,F-APCA3, <p>A3 .5mm clear PVC folded to protect and enhance POS material.</p>,,,Spotlight/Poster Display Systems ,Poster Display Systems ,,,,,,,,,http://www.sjdg.com.au/product_images/b/770/F-APCA-product__86560.jpg,F-APCA-product__86560.jpg,http://www.sjdg.com.au/product_images/b/770/F-APCA-product__86560.jpg,,,,,,,,,,,,,,,,,,
Spotlight,F-APCA4, <p>.A4 5mm clear PVC folded to protect and enhance POS material.</p>,,,Spotlight/Poster Display Systems ,Poster Display Systems ,,,,,,,,,http://www.sjdg.com.au/product_images/b/770/F-APCA-product__86560.jpg,F-APCA-product__86560.jpg,http://www.sjdg.com.au/product_images/b/770/F-APCA-product__86560.jpg,,,,,,,,,,,,,,,,,,
Spotlight,F-APH, <p>Clear plastic. Clip onto top of ticket frames (F-FA..) to hold cards and POS material. Use 2 per frame.</p>,,,Spotlight/Poster Display Systems ,Poster Display Systems ,,,,,,,,,http://www.sjdg.com.au/product_images/q/627/F-APH-usage3__29911.jpg,F-APH-product__76281.jpg,http://www.sjdg.com.au/product_images/c/651/F-APH-product__76281.jpg,F-APH-usage1__38940.jpg,http://www.sjdg.com.au/product_images/c/496/F-APH-usage1__38940.jpg,F-APH-usage3__29911.jpg,http://www.sjdg.com.au/product_images/q/627/F-APH-usage3__29911.jpg,,,,,,,,,,,,,,
Spotlight,F-APR10600, <p>600mm aluminium dowel 10mm diameter with rubber end stops. Can be mounted in frame stands with 10mm t pieces for poster display.</p>,,,Spotlight/Poster Display Systems ,Poster Display Systems ,,,,,,,,,http://www.sjdg.com.au/product_images/w/757/F-APR10600-product__18607.jpg,F-APR10600-usage1__27802.jpg,http://www.sjdg.com.au/product_images/r/189/F-APR10600-usage1__27802.jpg,F-APR10600-product__18607.jpg,http://www.sjdg.com.au/product_images/w/757/F-APR10600-product__18607.jpg,,,,,,,,,,,,,,,,
Spotlight,F-APSA4, <p>Clear PVC .2mm thick. Use to protect and enhance tickets in frames and displays.</p>,,,Spotlight/Poster Display Systems ,Poster Display Systems ,,,,,,,,,http://www.sjdg.com.au/product_images/g/891/F-APSA-product__70344.jpg,F-APSA-product__70344.jpg,http://www.sjdg.com.au/product_images/g/891/F-APSA-product__70344.jpg,,,,,,,,,,,,,,,,,,
Spotlight,F-APSA3, <p>Clear PVC .2mm thick. Use to protect and enhance tickets in frames and displays.</p>,,,Spotlight/Poster Display Systems ,Poster Display Systems ,,,,,,,,,http://www.sjdg.com.au/product_images/g/891/F-APSA-product__70344.jpg,F-APSA-product__70344.jpg,http://www.sjdg.com.au/product_images/g/891/F-APSA-product__70344.jpg,,,,,,,,,,,,,,,,,,
Spotlight,F-ASLC, <p>Spring loaded stem with T piece to attach ticket frames (F-FA..) to display baskets and stands. Rotates 360 degrees.</p>,,,Spotlight/Poster Display Systems ,Poster Display Systems ,,,,,,,,,http://www.sjdg.com.au/product_images/r/136/F-ASLC-product__87721.jpg,F-TASLC-usage2__13316.jpg,http://www.sjdg.com.au/product_images/a/195/F-TASLC-usage2__13316.jpg,F-ASLC-usage1__44307.jpg,http://www.sjdg.com.au/product_images/z/065/F-ASLC-usage1__44307.jpg,F-ASLC-product__87721.jpg,http://www.sjdg.com.au/product_images/r/136/F-ASLC-product__87721.jpg,,,,,,,,,,,,,,
Spotlight,F-ATCR10, <p>Clear plastic to fit onto 10mm diameter stands to hold ticket frames (F-FA..)</p>,,,Spotlight/Poster Display Systems ,Poster Display Systems ,,,,,,,,,http://www.sjdg.com.au/product_images/v/240/F-ATCR10-product__17388.jpg,F-BMWE-usage3__54248.jpg,http://www.sjdg.com.au/product_images/v/102/F-BMWE-usage3__54248.jpg,F-ATCR10-product__17388.jpg,http://www.sjdg.com.au/product_images/v/240/F-ATCR10-product__17388.jpg,,,,,,,,,,,,,,,,
Spotlight,F-ATWE10, <p>White plastic to fit onto 10mm diameter stands to hold ticket frames (F-FA..)</p>,,,Spotlight/Poster Display Systems ,Poster Display Systems ,,,,,,,,,http://www.sjdg.com.au/product_images/l/816/F-ATWE-product__55957.jpg,F-ATWE-product__55957.jpg,http://www.sjdg.com.au/product_images/l/816/F-ATWE-product__55957.jpg,,,,,,,,,,,,,,,,,,
Spotlight,F-BA, <p>Clear plastic support base to hold plastic frames (F-FA..) at an angle. Use 2 per frame.</p>,,,Spotlight/Poster Display Systems ,Poster Display Systems ,,,,,,,,,http://www.sjdg.com.au/product_images/c/034/F-BA-product__23406.jpg,F-BA-usage__64280.jpg,http://www.sjdg.com.au/product_images/d/858/F-BA-usage__64280.jpg,F-BA-product__23406.jpg,http://www.sjdg.com.au/product_images/c/034/F-BA-product__23406.jpg,,,,,,,,,,,,,,,,
Spotlight,F-BAMC, <p>Replacement clip to suit magnetic base F-BMWE/BK.</p>,,,Spotlight/Poster Display Systems ,Poster Display Systems ,,,,,,,,,http://www.sjdg.com.au/product_images/m/908/F-BAMC.pic__91386.jpg,F-BMWBK-product__51507.jpg,http://www.sjdg.com.au/product_images/b/690/F-BMWBK-product__51507.jpg,F-BAMC.pic__91386.jpg,http://www.sjdg.com.au/product_images/m/908/F-BAMC.pic__91386.jpg,,,,,,,,,,,,,,,,
Spotlight,F-BAMCW, <p>Replacement clip to suit&nbsp; magnetic wall mount <br />F-BMWBK/WE</p>,,,Spotlight/Poster Display Systems ,Poster Display Systems ,,,,,,,,,http://www.sjdg.com.au/product_images/s/404/F-BAMCW-product__51321.jpg,F-BAMCW-usage1__12692.jpg,http://www.sjdg.com.au/product_images/t/784/F-BAMCW-usage1__12692.jpg,F-BAMCW-product__51321.jpg,http://www.sjdg.com.au/product_images/s/404/F-BAMCW-product__51321.jpg,,,,,,,,,,,,,,,,
Spotlight,F-BMBK," <p>Spotlight&nbsp;Black&nbsp;Magnetic Base, use with T Piece F-AT.</p>",,,Spotlight/Poster Display Systems ,Poster Display Systems ,,,,,,,,,http://www.sjdg.com.au/product_images/p/162/F-BMHDBK-product_copy__54110.jpg,F-BMHDBK-product_copy__54110.jpg,http://www.sjdg.com.au/product_images/p/162/F-BMHDBK-product_copy__54110.jpg,,,,,,,,,,,,,,,,,,
Spotlight,F-BMHDWE, <p>Super Strong for attaching Frames to Fixtures.<br /><br /></p>,,,Spotlight/Poster Display Systems ,Poster Display Systems ,,,,,,,,,http://www.sjdg.com.au/product_images/n/152/F-BMHDWE-2-product__14608.jpg,F-BMHDWE-usage1__16565.jpg,http://www.sjdg.com.au/product_images/v/641/F-BMHDWE-usage1__16565.jpg,F-BMHDWE-2-product__14608.jpg,http://www.sjdg.com.au/product_images/n/152/F-BMHDWE-2-product__14608.jpg,,,,,,,,,,,,,,,,
Spotlight,F-BMWBK," <p>Spotlight Black Wall Mount Magnet, holds frames flush with the wall.</p>",,,Spotlight,Spotlight,,,,,,,,,http://www.sjdg.com.au/product_images/o/340/F-BAMCW-usage1__91947.jpg,F-BAMCW-usage1__91947.jpg,http://www.sjdg.com.au/product_images/o/340/F-BAMCW-usage1__91947.jpg,,,,,,,,,,,,,,,,,,
Spotlight,F-BMWE, <p>Magnet with clips to hold ticket frames (F-FA.) to metal surfaces.</p>,,,Spotlight/Poster Display Systems ,Poster Display Systems ,,,,,,,,,http://www.sjdg.com.au/product_images/w/273/F-BMWE-product__58998.jpg,F-BMWE-usage1__45538.jpg,http://www.sjdg.com.au/product_images/m/156/F-BMWE-usage1__45538.jpg,F-FA-usage3__35198.jpg,http://www.sjdg.com.au/product_images/e/356/F-FA-usage3__35198.jpg,F-BMWE-product__58998.jpg,http://www.sjdg.com.au/product_images/w/273/F-BMWE-product__58998.jpg,,,,,,,,,,,,,,
Spotlight,F-BS, <p>Clear plastic base to suit ticket frames (F-FA..) Use 2 per frame.</p>,,,Spotlight/Poster Display Systems ,Poster Display Systems ,,,,,,,,,http://www.sjdg.com.au/product_images/p/992/F-BS-product__52957.jpg,F-BS-product__52957.jpg,http://www.sjdg.com.au/product_images/p/992/F-BS-product__52957.jpg,,,,,,,,,,,,,,,,,,
Spotlight,F-BS800, <p>800mm high matt aluminium stand with black steel base 200x150mm. Fitted with t piece for use with F-FA ticket frames.</p>,,,Spotlight/Poster Display Systems ,Poster Display Systems ,,,,,,,,,http://www.sjdg.com.au/product_images/d/141/F-BS800-product__39073.jpg,F-BS800-product__39073.jpg,http://www.sjdg.com.au/product_images/d/141/F-BS800-product__39073.jpg,,,,,,,,,,,,,,,,,,
Spotlight,F-BTS600, <p>Chrome stands telescopic from 350mm to 600mm high. Heavy metal base 150x200mm. Includes t piece for use with F-FA ticket frames.</p>,,,Spotlight/Poster Display Systems ,Poster Display Systems ,,,,,,,,,http://www.sjdg.com.au/product_images/d/525/F-BTS-product__97733.jpg,F-BTS-product__97733.jpg,http://www.sjdg.com.au/product_images/d/525/F-BTS-product__97733.jpg,,,,,,,,,,,,,,,,,,
Spotlight,F-FA4PWE, <p>A2 White ABS plastic ticket frame to hold and secure POS material.</p>,,,Spotlight/Poster Display Systems ,Poster Display Systems ,,,,,,,,,http://www.sjdg.com.au/product_images/c/746/F-FA4PCL-product__66714.jpg,F-FA3PWE-product__61346.jpg,http://www.sjdg.com.au/product_images/q/915/F-FA3PWE-product__61346.jpg,F-FA-usage__29979.jpg,http://www.sjdg.com.au/product_images/e/087/F-FA-usage__29979.jpg,F-FA-usage2__68042.jpg,http://www.sjdg.com.au/product_images/x/965/F-FA-usage2__68042.jpg,F-FA-usage3__51265.jpg,http://www.sjdg.com.au/product_images/s/057/F-FA-usage3__51265.jpg,F-FA4PCL-product__66714.jpg,http://www.sjdg.com.au/product_images/c/746/F-FA4PCL-product__66714.jpg,,,,,,,,,,
Spotlight,F-FA3PWE, <p>A3 White ABS plastic ticket frame to hold and secure POS material.</p>,,,Spotlight/Poster Display Systems ,Poster Display Systems ,,,,,,,,,http://www.sjdg.com.au/product_images/c/746/F-FA4PCL-product__66714.jpg,F-FA3PWE-product__61346.jpg,http://www.sjdg.com.au/product_images/q/915/F-FA3PWE-product__61346.jpg,,,,,,,,,,,,,,,,,,
Spotlight,F-FA42LCR, <p>Clear plastic ticket frame to hold POS material 105mm x 300mm (half A4)</p>,,,Spotlight/Poster Display Systems ,Poster Display Systems ,,,,,,,,,http://www.sjdg.com.au/product_images/g/187/F-A2LCR-product__44248.jpg,F-A2LCR-product__44248.jpg,http://www.sjdg.com.au/product_images/g/187/F-A2LCR-product__44248.jpg,,,,,,,,,,,,,,,,,,
Spotlight,H-AICCCLR, <p>Clear rubber clip fits over display hooks to keep merchandise forward for full display appearance.</p>,,,Spotlight/Display Hooks;Spotlight/Display Accessories,Display Hooks,Display Accessories,,,,,,,,http://www.sjdg.com.au/product_images/b/913/H-AICCCLR-product__25573.jpg,H-AICCCLR-usage1__66506.jpg,http://www.sjdg.com.au/product_images/f/222/H-AICCCLR-usage1__66506.jpg,H-AICCCLR-usage2__06463.jpg,http://www.sjdg.com.au/product_images/u/968/H-AICCCLR-usage2__06463.jpg,H-AICCCLR-product__25573.jpg,http://www.sjdg.com.au/product_images/b/913/H-AICCCLR-product__25573.jpg,,,,,,,,,,,,,,
Spotlight,H-FP300HD," <p>5.5mm diam. Chrome plated steel with crosspiece for flipper label holder. Suitable for volcano panel, pegboard and slatwall.</p>",,,Spotlight;Spotlight/Display Hooks,Spotlight,Display Hooks,,,,,,,,http://www.sjdg.com.au/product_images/w/727/H-FP100-product__16768.jpg,H-FP100-product__16768.jpg,http://www.sjdg.com.au/product_images/w/727/H-FP100-product__16768.jpg,,,,,,,,,,,,,,,,,,
Spotlight,H-FSSE100," <p>6mm diam. Bright zinc plated steel with crosspiece for flipper label holder and fastback hinged clip for easy display changes and maximum use of display area. Suitable for metal perforated panel, volcano panel, pegboard and slatwall.&nbsp;</p>",,,Spotlight;Spotlight/Display Hooks,Spotlight,Display Hooks,,,,,,,,http://www.sjdg.com.au/product_images/u/720/H-FSSE100-product__31376.jpg,H-FSSE-usage1__88737.jpg,http://www.sjdg.com.au/product_images/c/365/H-FSSE-usage1__88737.jpg,H-FSSE100-product__31376.jpg,http://www.sjdg.com.au/product_images/u/720/H-FSSE100-product__31376.jpg,,,,,,,,,,,,,,,,
Spotlight,H-FSSE150," <p>6mm diam. Bright zinc plated steel with crosspiece for flipper label holder and fastback hinged clip for easy display changes and maximum use of display area. Suitable for metal perforated panel, volcano panel, pegboard and slatwall.&nbsp;</p>",,,Spotlight;Spotlight/Display Hooks,Spotlight,Display Hooks,,,,,,,,http://www.sjdg.com.au/product_images/u/720/H-FSSE100-product__31376.jpg,H-FSSE-usage1__88737.jpg,http://www.sjdg.com.au/product_images/c/365/H-FSSE-usage1__88737.jpg,H-FSSE100-product__31376.jpg,http://www.sjdg.com.au/product_images/u/720/H-FSSE100-product__31376.jpg,,,,,,,,,,,,,,,,
Spotlight,H-FSSE275," <p>6mm diam. Bright zinc plated steel with crosspiece for flipper label holder and fastback hinged clip for easy display changes and maximum use of display area. Suitable for metal perforated panel, volcano panel, pegboard and slatwall.&nbsp;</p>",,,Spotlight;Spotlight/Display Hooks,Spotlight,Display Hooks,,,,,,,,http://www.sjdg.com.au/product_images/u/720/H-FSSE100-product__31376.jpg,H-FSSE-usage1__88737.jpg,http://www.sjdg.com.au/product_images/c/365/H-FSSE-usage1__88737.jpg,H-FSSE100-product__31376.jpg,http://www.sjdg.com.au/product_images/u/720/H-FSSE100-product__31376.jpg,,,,,,,,,,,,,,,,
Spotlight,H-FSSE279HD," <p>6mm diam. Bright zinc plated steel with crosspiece for flipper label holder and fastback hinged clip for easy display changes and maximum use of display area. Suitable for metal perforated panel, volcano panel, pegboard and slatwall.&nbsp;</p>",,,Spotlight;Spotlight/Display Hooks,Spotlight,Display Hooks,,,,,,,,http://www.sjdg.com.au/product_images/u/720/H-FSSE100-product__31376.jpg,H-FSSE-usage1__88737.jpg,http://www.sjdg.com.au/product_images/c/365/H-FSSE-usage1__88737.jpg,H-FSSE100-product__31376.jpg,http://www.sjdg.com.au/product_images/u/720/H-FSSE100-product__31376.jpg,,,,,,,,,,,,,,,,
Spotlight,H-GMH150, <p>4.5 mm diam. Bright zinc plated steel with crosspiece for flipper label holder. Suitable for mesh to 50mm. 150mm (L). Pack of 100.</p>,,,Spotlight;Spotlight/Display Hooks,Spotlight,Display Hooks,,,,,,,,http://www.sjdg.com.au/product_images/b/087/H-GMH100-product__37812.jpg,H-GMH100-product__37812.jpg,http://www.sjdg.com.au/product_images/b/087/H-GMH100-product__37812.jpg,,,,,,,,,,,,,,,,,,
Spotlight,H-GMH200, <p>4.5 mm diam. Bright zinc plated steel with crosspiece for flipper label holder. Suitable for mesh to 50mm. 200mm (L). Pack of 100.</p>,,,Spotlight;Spotlight/Display Hooks,Spotlight,Display Hooks,,,,,,,,http://www.sjdg.com.au/product_images/b/087/H-GMH100-product__37812.jpg,H-GMH100-product__37812.jpg,http://www.sjdg.com.au/product_images/b/087/H-GMH100-product__37812.jpg,,,,,,,,,,,,,,,,,,
Spotlight,H-GMH350C,<p>Spotlight CHRISTMAS 350mm Grid Mesh Flipper Hook.</p>,,,Spotlight/Display Hooks,Display Hooks,,,,,,,,,http://www.sjdg.com.au/product_images/n/951/H-GMH350__57971.jpg,H-GMH350__57971.jpg,http://www.sjdg.com.au/product_images/n/951/H-GMH350__57971.jpg,,,,,,,,,,,,,,,,,,
Spotlight,H-PEHOOK, <p>5mm diam. Bright zinc plated steel with crosspiece for flipper label holder. Suitable for mesh to 85mm.</p>,,,Spotlight;Spotlight/Display Hooks,Spotlight,Display Hooks,,,,,,,,http://www.sjdg.com.au/product_images/u/751/H-PEHOOK-product__55392.jpg,H-PEHOOK-usage1__50086.jpg,http://www.sjdg.com.au/product_images/v/466/H-PEHOOK-usage1__50086.jpg,H-PEHOOK-ussage2__95956.jpg,http://www.sjdg.com.au/product_images/g/292/H-PEHOOK-ussage2__95956.jpg,H-PEHOOK-usage3__44722.jpg,http://www.sjdg.com.au/product_images/o/395/H-PEHOOK-usage3__44722.jpg,H-PEHOOK-product__55392.jpg,http://www.sjdg.com.au/product_images/u/751/H-PEHOOK-product__55392.jpg,,,,,,,,,,,,
Spotlight,H-SBHOOK, <p>Zinc plated 50mm long for use with flipper label holders (S-FS..)</p>,,,Spotlight;Spotlight/Display Hooks,Spotlight,Display Hooks,,,,,,,,http://www.sjdg.com.au/product_images/f/499/H-SBHOOK-product__47235.jpg,H-SBHOOK-usage1__11190.jpg,http://www.sjdg.com.au/product_images/m/188/H-SBHOOK-usage1__11190.jpg,H-SBHOOK-product__47235.jpg,http://www.sjdg.com.au/product_images/f/499/H-SBHOOK-product__47235.jpg,,,,,,,,,,,,,,,,
Spotlight,H-SPEHOOK, <p>5mm diam. Bright zinc plated steel single hook. Suitable for mesh to 75mm.</p>,,,Spotlight;Spotlight/Display Hooks,Spotlight,Display Hooks,,,,,,,,http://www.sjdg.com.au/product_images/l/731/H-SPEHOOK-product__12470.jpg,H-SPEHOOK-product__12470.jpg,http://www.sjdg.com.au/product_images/l/731/H-SPEHOOK-product__12470.jpg,,,,,,,,,,,,,,,,,,
Spotlight,H-SPH150," <p class=""p1"">6mm diam. chrome plated steel. Suitable for slatwall.</p>",,,Spotlight;Spotlight/Display Hooks,Spotlight,Display Hooks,,,,,,,,http://www.sjdg.com.au/product_images/p/695/H-SPH100-product__40918.jpg,H-SPH100-product__40918.jpg,http://www.sjdg.com.au/product_images/p/695/H-SPH100-product__40918.jpg,,,,,,,,,,,,,,,,,,
Spotlight,K-SSC,<p>Spotlight Small Simulated Security Camera</p>,,,Spotlight/Safety Products,Safety Products,,,,,,,,,http://www.sjdg.com.au/product_images/i/061/K-SSC-product__17091.jpg,K-SSC-product__17091.jpg,http://www.sjdg.com.au/product_images/i/061/K-SSC-product__17091.jpg,,,,,,,,,,,,,,,,,,
Spotlight,K-WFS, <p>600mm high sturdy folding plastic signs.</p>,,,Spotlight/Safety Products,Safety Products,,,,,,,,,http://www.sjdg.com.au/product_images/s/384/K-WFS-product__46224.jpg,K-WFS-product__46224.jpg,http://www.sjdg.com.au/product_images/s/384/K-WFS-product__46224.jpg,,,,,,,,,,,,,,,,,,
Spotlight,M-D60285, <p>Clear polycarbonate divider. Clips into M-FRICA. Front riser channel and M-RDCA. Front or rear single channel. 60mm high 285mm long.</p>,,,Spotlight/Shelf Management,Shelf Management,,,,,,,,,http://www.sjdg.com.au/product_images/r/316/M-D60385-product__21677.jpg,M-FRICA1200-product__59004.jpg,http://www.sjdg.com.au/product_images/h/263/M-FRICA1200-product__59004.jpg,M-FR-usage1__01710.jpg,http://www.sjdg.com.au/product_images/s/213/M-FR-usage1__01710.jpg,M-RDCA1200-usage1__51524.jpg,http://www.sjdg.com.au/product_images/s/307/M-RDCA1200-usage1__51524.jpg,M-D60385-product__21677.jpg,http://www.sjdg.com.au/product_images/r/316/M-D60385-product__21677.jpg,,,,,,,,,,,,
Spotlight,M-D60385, <p>Clear polycarbonate divider. Clips into M-FRICA. Front riser channel and M-RDCA. Front or rear single channel. 60mm high 385mm long.</p>,,,Spotlight/Shelf Management,Shelf Management,,,,,,,,,http://www.sjdg.com.au/product_images/r/316/M-D60385-product__21677.jpg,M-FRICA1200-product__59004.jpg,http://www.sjdg.com.au/product_images/h/263/M-FRICA1200-product__59004.jpg,,,,,,,,,,,,,,,,,,
Spotlight,M-FRICA1170, <p>PVC channel with 2 x 9mm adhesive foam tape on base. Use with shelf dividers (M60..). 40mm high front riser. 1200mm long.</p>,,,Spotlight/Shelf Management,Shelf Management,,,,,,,,,http://www.sjdg.com.au/product_images/m/601/M-FRICA1200-product__09073.jpg,M-FR-usage1__99273.jpg,http://www.sjdg.com.au/product_images/t/687/M-FR-usage1__99273.jpg,M-FRICA1200-usage1__90421.jpg,http://www.sjdg.com.au/product_images/i/774/M-FRICA1200-usage1__90421.jpg,M-FRICA1200-product__09073.jpg,http://www.sjdg.com.au/product_images/m/601/M-FRICA1200-product__09073.jpg,,,,,,,,,,,,,,
Spotlight,M-RDCA1170, <p>Adhesive backed PVC channel to hold shelf dividers. Use either at back or front of shelf. 1200mm long.</p>,,,Spotlight/Shelf Management,Shelf Management,,,,,,,,,http://www.sjdg.com.au/product_images/s/895/M-RDCA1200__12610.jpg,M-RDCA1200-usage1__73165.jpg,http://www.sjdg.com.au/product_images/j/811/M-RDCA1200-usage1__73165.jpg,M-FR-usage1__75962.jpg,http://www.sjdg.com.au/product_images/t/914/M-FR-usage1__75962.jpg,M-RDCA1200__12610.jpg,http://www.sjdg.com.au/product_images/s/895/M-RDCA1200__12610.jpg,,,,,,,,,,,,,,
Spotlight,P-MSHA3, <p>5.5mm diameter white powder coated steel. 410mm horizontal arm. 550mm high. Fitted with 2 x 45mm heavy duty magnets.</p>,,,Spotlight/Poster Display Systems ,Poster Display Systems ,,,,,,,,,http://www.sjdg.com.au/product_images/u/637/P-MSHA3-usage1__31986.jpg,P-MSHA3-product1__88740.jpg,http://www.sjdg.com.au/product_images/o/023/P-MSHA3-product1__88740.jpg,P-MSHA3-usage1__31986.jpg,http://www.sjdg.com.au/product_images/u/637/P-MSHA3-usage1__31986.jpg,,,,,,,,,,,,,,,,
Spotlight,P-SFA2, <p>A2 25mm wide snap down aluminum frame with holes ansd wall fixing attachments. Black plastic back and non reflective PVC front.</p> ,,,Spotlight/Poster Display Systems ,Poster Display Systems ,,,,,,,,,http://www.sjdg.com.au/product_images/q/231/P-SFAS-product__93031.jpg,P-SFA-usage1__70979.jpg,http://www.sjdg.com.au/product_images/q/231/P-SFAS-product__93031.jpg,,,,,,,,,,,,,,,,,,
Spotlight,P-SFA3, <p>A3 25mm wide snap down aluminum frame with holes ansd wall fixing attachments. Black plastic back and non reflective PVC front.</p> ,,,Spotlight/Poster Display Systems ,Poster Display Systems ,,,,,,,,,http://www.sjdg.com.au/product_images/q/231/P-SFAS-product__93031.jpg,P-SFA-usage1__70979.jpg,http://www.sjdg.com.au/product_images/q/231/P-SFAS-product__93031.jpg,,,,,,,,,,,,,,,,,,
Spotlight,P-SFA4, <p>A4 25mm wide snap down aluminum frame with holes ansd wall fixing attachments. Black plastic back and non reflective PVC front.</p> ,,,Spotlight/Poster Display Systems ,Poster Display Systems ,,,,,,,,,http://www.sjdg.com.au/product_images/q/231/P-SFAS-product__93031.jpg,P-SFA-usage1__70979.jpg,http://www.sjdg.com.au/product_images/q/231/P-SFAS-product__93031.jpg,,,,,,,,,,,,,,,,,,
Spotlight,P-SFRCA0CL, <p>Replacement for A0 snap frames. A0 (1189mm x 841mm).</p>,,,Spotlight;Spotlight/Poster Display Systems ,Spotlight,Poster Display Systems ,,,,,,,,http://www.sjdg.com.au/product_images/d/221/P-SFFRCA0CL__90530.jpg,P-SFFRCA0CL__90530.jpg,http://www.sjdg.com.au/product_images/d/221/P-SFFRCA0CL__90530.jpg,,,,,,,,,,,,,,,,,,
Spotlight,P-SFRCA1CL, <p>Replacement PVC covers for A1 Snap Frames.</p> <p>Pack of 2.</p>,,,Spotlight/Poster Display Systems ,Poster Display Systems ,,,,,,,,,http://www.sjdg.com.au/product_images/a/651/P-SFFRCA0CL__86457.jpg,Z-SPSFA1-detail__23107.jpg,http://www.sjdg.com.au/product_images/p/037/Z-SPSFA1-detail__23107.jpg,Z-SPSFA1-product__80431.jpg,http://www.sjdg.com.au/product_images/p/777/Z-SPSFA1-product__80431.jpg,P-SFFRCA0CL__86457.jpg,http://www.sjdg.com.au/product_images/a/651/P-SFFRCA0CL__86457.jpg,,,,,,,,,,,,,,
Spotlight,R-AG, <p>Sturdy attacher gun with safety cover. For use with all attacher tags and hooks (R-AT..)</p>,,,Spotlight/Retail Equipment,Retail Equipment,,,,,,,,,http://www.sjdg.com.au/product_images/j/919/R-AG-product__56439.jpg,R-AG-product__56439.jpg,http://www.sjdg.com.au/product_images/j/919/R-AG-product__56439.jpg,,,,,,,,,,,,,,,,,,
Spotlight,R-AGN, <p>Replacement needles for use with attacher gun R-AG</p>,,,Spotlight/Retail Equipment,Retail Equipment,,,,,,,,,http://www.sjdg.com.au/product_images/i/416/R-AGN-product__88555.jpg,R-AGN-product__88555.jpg,http://www.sjdg.com.au/product_images/i/416/R-AGN-product__88555.jpg,,,,,,,,,,,,,,,,,,
Spotlight,R-AT25, <p>25mm Clear nylon. For use with attacher gun R-AG.</p> ,,,Spotlight/Retail Equipment,Retail Equipment,,,,,,,,,http://www.sjdg.com.au/product_images/h/713/R-AT25__04384.jpg,R-AT25-product__68556.jpg,http://www.sjdg.com.au/product_images/a/382/R-AT25-product__68556.jpg,R-AT25__04384.jpg,http://www.sjdg.com.au/product_images/h/713/R-AT25__04384.jpg,,,,,,,,,,,,,,,,
Spotlight,R-AT65, <p>65mm Clear nylon. For use with attacher gun R-AG.</p> ,,,Spotlight/Retail Equipment,Retail Equipment,,,,,,,,,http://www.sjdg.com.au/product_images/h/713/R-AT25__04384.jpg,R-AT25-product__68556.jpg,http://www.sjdg.com.au/product_images/a/382/R-AT25-product__68556.jpg,,,,,,,,,,,,,,,,,,
Spotlight,R-AT125, <p>125mm Clear nylon. For use with attacher gun R-AG.</p> ,,,Spotlight/Retail Equipment,Retail Equipment,,,,,,,,,http://www.sjdg.com.au/product_images/h/713/R-AT25__04384.jpg,R-AT25-product__68556.jpg,http://www.sjdg.com.au/product_images/a/382/R-AT25-product__68556.jpg,,,,,,,,,,,,,,,,,,
Spotlight,R-ATH25, <p>Spotlight Attacher Tag Hooks - pack of 2500.</p>,,,Spotlight/Retail Equipment,Retail Equipment,,,,,,,,,http://www.sjdg.com.au/product_images/k/267/R-ATH25.line__09147.jpg,R-ATH25.line__09147.jpg,http://www.sjdg.com.au/product_images/k/267/R-ATH25.line__09147.jpg,,,,,,,,,,,,,,,,,,
Spotlight,R-CDA3, <p>900mm high black powder coated stand with heavy base. 4.5 mm clear acrylic top with removable divider to display A3 or 2 x A4 brochures or catalogues.</p>,,,Spotlight/Brochure Holders,Brochure Holders,,,,,,,,,http://www.sjdg.com.au/product_images/s/092/Z-PSRDA4-product__85146.jpg,Z-PSRDA4-product__85146.jpg,http://www.sjdg.com.au/product_images/s/092/Z-PSRDA4-product__85146.jpg,,,,,,,,,,,,,,,,,,
Spotlight,R-MDBBWE, <p>Sturdy metal base with castors to suit mesh dump basket R-MDBWE</p>,,,Spotlight/Retail Equipment,Retail Equipment,,,,,,,,,http://www.sjdg.com.au/product_images/o/233/R-MDBBWE-product__74635.jpg,R-MDBWE-usage1__16851.jpg,http://www.sjdg.com.au/product_images/m/498/R-MDBWE-usage1__16851.jpg,R-MDBBWE-product2__76865.jpg,http://www.sjdg.com.au/product_images/p/909/R-MDBBWE-product2__76865.jpg,R-MDBBWE-product__74635.jpg,http://www.sjdg.com.au/product_images/o/233/R-MDBBWE-product__74635.jpg,,,,,,,,,,,,,,
Spotlight,R-MDBWE," <p class=""p1"">Plastic coated steel with adjustable base. 480mm square x 750mm high.</p>",,,Spotlight/Retail Equipment,Retail Equipment,,,,,,,,,http://www.sjdg.com.au/product_images/p/685/R-MDBWE-product__15054.jpg,R-MDBWE-usage2__55708.jpg,http://www.sjdg.com.au/product_images/e/071/R-MDBWE-usage2__55708.jpg,R-MDBWE-product__15054.jpg,http://www.sjdg.com.au/product_images/p/685/R-MDBWE-product__15054.jpg,,,,,,,,,,,,,,,,
Spotlight,R-WBRD50,<p>Heavy duty polypropylene with two folding handles and four castors.</p>,,,Spotlight/Retail Equipment,Retail Equipment,,,,,,,,,http://www.sjdg.com.au/product_images/p/653/Z-SPWBRD50__56951.jpg,Z-SPWBRD50__56951.jpg,http://www.sjdg.com.au/product_images/p/653/Z-SPWBRD50__56951.jpg,,,,,,,,,,,,,,,,,,
Spotlight,S-AA601170, <p>Converts standard datastrip to 60 degree angle. Fitted with 9mm double sided adhesive tape. 1170mm long.</p>,,,Spotlight/Datastrip,Datastrip,,,,,,,,,http://www.sjdg.com.au/product_images/t/662/S-AA601170-product__64437.jpg,S-AA601170-product__64437.jpg,http://www.sjdg.com.au/product_images/t/662/S-AA601170-product__64437.jpg,,,,,,,,,,,,,,,,,,
Spotlight,S-AF261170WE, <p>Holds label to 26mm high at upward angle of 20 degrees. Clear front. White back. Fitted with 12mm foam d/sided tape for front mounting. 1170mm (L).</p>,,,Spotlight;Spotlight/Datastrip,Spotlight,Datastrip,,,,,,,,http://www.sjdg.com.au/product_images/l/971/S-AF26WE-product__35326.jpg,S-AF26WE-product__35326.jpg,http://www.sjdg.com.au/product_images/l/971/S-AF26WE-product__35326.jpg,,,,,,,,,,,,,,,,,,
Spotlight,S-BS75150CR," <p>Holds label to 26mm high in upwards angle. Clear front and back. Clips onto vertical surfaces, risers, wire or plastic from 1mm to12mm thickness.</p>",,,Spotlight/Datastrip,Datastrip,,,,,,,,,http://www.sjdg.com.au/product_images/e/481/S-BS75150CR-product__24603.jpg,S-BS75150CR-product__24603.jpg,http://www.sjdg.com.au/product_images/e/481/S-BS75150CR-product__24603.jpg,,,,,,,,,,,,,,,,,,
Spotlight,S-FA2660WE, <p><span>Holds label&nbsp; to 26mm high vertically 60mm long. Clear front. White back. Fitted with 9mm d/sided tape for front mounting.</span></p>,,,Spotlight;Spotlight/Datastrip,Spotlight,Datastrip,,,,,,,,http://www.sjdg.com.au/product_images/f/635/S-FA26WE-product__02898.jpg,S-FA26WE-product__02898.jpg,http://www.sjdg.com.au/product_images/f/635/S-FA26WE-product__02898.jpg,,,,,,,,,,,,,,,,,,
Spotlight,S-FA26870WE, <p><span>Holds label&nbsp; to 26mm high vertically 870mm long. Clear front. White back. Fitted with 9mm d/sided tape for front mounting.</span></p>,,,Spotlight;Spotlight/Datastrip,Spotlight,Datastrip,,,,,,,,http://www.sjdg.com.au/product_images/f/635/S-FA26WE-product__02898.jpg,S-FA26WE-product__02898.jpg,http://www.sjdg.com.au/product_images/f/635/S-FA26WE-product__02898.jpg,,,,,,,,,,,,,,,,,,
Spotlight,S-FA261170WE, <p><span>Holds label&nbsp; to 26mm high vertically 1170mm long. Clear front. White back. Fitted with 9mm d/sided tape for front mounting.</span></p>,,,Spotlight;Spotlight/Datastrip,Spotlight,Datastrip,,,,,,,,http://www.sjdg.com.au/product_images/f/635/S-FA26WE-product__02898.jpg,S-FA26WE-product__02898.jpg,http://www.sjdg.com.au/product_images/f/635/S-FA26WE-product__02898.jpg,,,,,,,,,,,,,,,,,,
Spotlight,S-FA80150CR, <p>Holds label to 80mm high vertically. Clear front and clear back. Fitted with 12mm d/sided tape for front mounting. 150mm (L).</p>,,,Spotlight/Datastrip,Datastrip,,,,,,,,,http://www.sjdg.com.au/product_images/y/482/S-FA801178WE-product__57099.jpg,S-FA801178WE-product__57099.jpg,http://www.sjdg.com.au/product_images/y/482/S-FA801178WE-product__57099.jpg,,,,,,,,,,,,,,,,,,
Spotlight,S-FS2650CR, <p>Holds label to 26mm wide 50mm long. Clear front and back. Notched to fit over display and pegboard hooks.</p>,,,Spotlight/Display Hooks,Display Hooks,,,,,,,,,http://www.sjdg.com.au/product_images/f/369/S-FS3955CR-product__20170.jpg,S-FS26-usage1__18578.jpg,http://www.sjdg.com.au/product_images/r/989/S-FS26-usage1__18578.jpg,,,,,,,,,,,,,,,,,,
Spotlight,S-FS2680CR, <p>Holds label to 26mm wide 80mm long. Clear front and back. Notched to fit over display and pegboard hooks.</p>,,,Spotlight/Display Hooks,Display Hooks,,,,,,,,,http://www.sjdg.com.au/product_images/f/369/S-FS3955CR-product__20170.jpg,S-FS26-usage1__18578.jpg,http://www.sjdg.com.au/product_images/r/989/S-FS26-usage1__18578.jpg,,,,,,,,,,,,,,,,,,
Spotlight,S-HS26105CRPK100," <p>26mm x 105mm clear hanging data strip, includes 2 clear clips.</p>",,,Spotlight/Datastrip,Datastrip,,,,,,,,,http://www.sjdg.com.au/product_images/j/515/S-S26105CR__44527.jpg,S-S26105CR__44527.jpg,http://www.sjdg.com.au/product_images/j/515/S-S26105CR__44527.jpg,,,,,,,,,,,,,,,,,,
Spotlight,S-HS261170CR," <p>Holds label to 26mm wide. Clear front and back. Supplied with fastening clips for hanging from rails, baskets or wire. 1170mm (L).</p>",,,Spotlight/Datastrip,Datastrip,,,,,,,,,http://www.sjdg.com.au/product_images/q/915/S-HS261170WE-product__42350.jpg,S-HS26-usage1__28674.jpg,http://www.sjdg.com.au/product_images/u/361/S-HS26-usage1__28674.jpg,S-HS26-usage2__84058.jpg,http://www.sjdg.com.au/product_images/n/736/S-HS26-usage2__84058.jpg,S-HS261170WE-product__42350.jpg,http://www.sjdg.com.au/product_images/q/915/S-HS261170WE-product__42350.jpg,,,,,,,,,,,,,,
Spotlight,S-HS2655CR, <p>Hang Scan Clear 26x55mm</p> <p>Pack of 50</p>,,,Spotlight/Datastrip,Datastrip,,,,,,,,,http://www.sjdg.com.au/product_images/d/429/S-HS2655CR__65239.jpg,S-HS2655CR__65239.jpg,http://www.sjdg.com.au/product_images/d/429/S-HS2655CR__65239.jpg,,,,,,,,,,,,,,,,,,
Spotlight,S-HSC, <p>Fastening clips to suit all hang scan products. Clear plastic.</p>,,,Spotlight/Datastrip,Datastrip,,,,,,,,,http://www.sjdg.com.au/product_images/c/630/S-HSC-product__34186.jpg,S-HSC-group__79386.jpg,http://www.sjdg.com.au/product_images/n/817/S-HSC-group__79386.jpg,S-HSC-product__34186.jpg,http://www.sjdg.com.au/product_images/c/630/S-HSC-product__34186.jpg,,,,,,,,,,,,,,,,
Spotlight,S-ST76, <p>Holds label and shelftalker to 76mm wide. Clear front and back. Hinged top flap with 9mm d/sided tape to fix on front or underside of shelf.</p>,,,Spotlight/Datastrip,Datastrip,,,,,,,,,http://www.sjdg.com.au/product_images/v/846/S-ST76150-product__43298.jpg,S-ST76150-product__43298.jpg,http://www.sjdg.com.au/product_images/v/846/S-ST76150-product__43298.jpg,,,,,,,,,,,,,,,,,,
Spotlight,Z-ACKC, <p>Spotlight Clear Karabiner Clip</p>,,,Spotlight/Display Accessories,Display Accessories,,,,,,,,,http://www.sjdg.com.au/product_images/s/734/Z-ACKC-product__92377.jpg,Z-ACKC-product__92377.jpg,http://www.sjdg.com.au/product_images/s/734/Z-ACKC-product__92377.jpg,,,,,,,,,,,,,,,,,,
Spotlight,Z-ANBHH,<p>Spotlight Blow Up Hat Holder</p>,,,Spotlight,Spotlight,,,,,,,,,http://www.sjdg.com.au/product_images/a/371/Z-ANBHHP-product__02383.jpg,Z-ANBHHP-product__02383.jpg,http://www.sjdg.com.au/product_images/a/371/Z-ANBHHP-product__02383.jpg,,,,,,,,,,,,,,,,,,
Spotlight,Z-SPA4A4," <p>Brochure Holder for use in sewing centre. Removable free standing support, attached with ratchet rivets. A4 Brochure Holder with A4 Card Holder attached above. Made from 3mm clear acrylic.</p>",,,Spotlight/Brochure Holders,Brochure Holders,,,,,,,,,http://www.sjdg.com.au/product_images/w/574/Z-SPA4A4.product__37578.jpg,Z-SPA4A4.product__37578.jpg,http://www.sjdg.com.au/product_images/w/574/Z-SPA4A4.product__37578.jpg,,,,,,,,,,,,,,,,,,
Spotlight,Z-SPBVC, <p>Metal frame and PVC seat and back.</p>,,,Spotlight/Retail Equipment,Retail Equipment,,,,,,,,,http://www.sjdg.com.au/product_images/t/796/Z-SPBVCPP__30102.jpg,Z-SPBVCPP__30102.jpg,http://www.sjdg.com.au/product_images/t/796/Z-SPBVCPP__30102.jpg,,,,,,,,,,,,,,,,,,
Spotlight,Z-SPCARE, <p>Spotlight Care Label Holder.</p>,,,Spotlight/Display Accessories,Display Accessories,,,,,,,,,http://www.sjdg.com.au/product_images/p/626/Z-SPCARE-product__82105.jpg,Z-SPCARE-usage1__61751.jpg,http://www.sjdg.com.au/product_images/g/204/Z-SPCARE-usage1__61751.jpg,Z-SPCARE-product__82105.jpg,http://www.sjdg.com.au/product_images/p/626/Z-SPCARE-product__82105.jpg,,,,,,,,,,,,,,,,
Spotlight,Z-SPCFBS, <p>Customer Enquiry Box/Order form entry box.</p>,,,Spotlight/Acrylic Display,Acrylic Display,,,,,,,,,http://www.sjdg.com.au/product_images/t/544/Z-SPCFBS__51433.jpg,Z-SPCFBS__51433.jpg,http://www.sjdg.com.au/product_images/t/544/Z-SPCFBS__51433.jpg,,,,,,,,,,,,,,,,,,
Spotlight,Z-SPCMIH, <p>363mm x 420mm x 150mm. 3mm clear acrylic.</p>,,,Spotlight/Acrylic Display,Acrylic Display,,,,,,,,,http://www.sjdg.com.au/product_images/i/294/Z-SPCMIH__97873.jpg,Z-SPCMIH__97873.jpg,http://www.sjdg.com.au/product_images/i/294/Z-SPCMIH__97873.jpg,,,,,,,,,,,,,,,,,,
Spotlight,Z-SPFB, <p>Modular storage box. 125mm (D) x 180mm (H) x 150mm (W)</p>,,,Spotlight/Retail Equipment,Retail Equipment,,,,,,,,,http://www.sjdg.com.au/product_images/k/165/Z-SPFB.open__12903.jpg,Z-SPFB.shut__00749.jpg,http://www.sjdg.com.au/product_images/j/261/Z-SPFB.shut__00749.jpg,Z-SPFB.back__46144.jpg,http://www.sjdg.com.au/product_images/z/090/Z-SPFB.back__46144.jpg,Z-SPFB.open__12903.jpg,http://www.sjdg.com.au/product_images/k/165/Z-SPFB.open__12903.jpg,,,,,,,,,,,,,,
Spotlight,Z-SPFBD, <p>Spotlight Fischer Box Divider.</p>,,,Spotlight/Retail Equipment,Retail Equipment,,,,,,,,,http://www.sjdg.com.au/product_images/o/176/Z-SPFBD-product__15097.jpg,Z-SPFBD-usage1__17393.jpg,http://www.sjdg.com.au/product_images/b/892/Z-SPFBD-usage1__17393.jpg,Z-SPFBD-usage2__28737.jpg,http://www.sjdg.com.au/product_images/n/277/Z-SPFBD-usage2__28737.jpg,Z-SPFBD-product__15097.jpg,http://www.sjdg.com.au/product_images/o/176/Z-SPFBD-product__15097.jpg,,,,,,,,,,,,,,
Spotlight,Z-SPFCSH, <p>1200mm (w) x 700mm (h) white powder coated steet.</p>,,,Spotlight/Retail Equipment,Retail Equipment,,,,,,,,,http://www.sjdg.com.au/product_images/k/914/Z-SPFCSH__69096.jpg,Z-SPFCSH__69096.jpg,http://www.sjdg.com.au/product_images/k/914/Z-SPFCSH__69096.jpg,,,,,,,,,,,,,,,,,,
Spotlight,Z-SPFDSASH, <p>Spotlight Acrylic Sheets For Front Door Stands</p>,,,Spotlight/Retail Equipment,Retail Equipment,,,,,,,,,http://www.sjdg.com.au/product_images/p/074/Z-SPFDSASH-product__20000.jpg,Z-SPFDSASH-product__20000.jpg,http://www.sjdg.com.au/product_images/p/074/Z-SPFDSASH-product__20000.jpg,,,,,,,,,,,,,,,,,,
Spotlight,Z-SPFR401170," <p>Clips to Shelf Acrylic Front Riser, use canoe clips (D-CC0268) displayed in this category - you will need 4 canoe clips to fix each riser.</p>",,,Spotlight;Spotlight/Shelf Management,Spotlight,Shelf Management,,,,,,,,http://www.sjdg.com.au/product_images/m/941/Z-SPFR40__79422.jpg,Z-SPFR40-usage1__92575.jpg,http://www.sjdg.com.au/product_images/h/582/Z-SPFR40-usage1__92575.jpg,Z-SPFR-usage2__76163.jpg,http://www.sjdg.com.au/product_images/p/541/Z-SPFR-usage2__76163.jpg,Z-SPFR40__79422.jpg,http://www.sjdg.com.au/product_images/m/941/Z-SPFR40__79422.jpg,,,,,,,,,,,,,,
Spotlight,Z-SPFR40870," <p>Clips to Shelf Acrylic Front Riser, use canoe clips (D-CC0268) displayed in this category - you will need 4 canoe clips to fix each riser.</p>",,,Spotlight;Spotlight/Shelf Management,Spotlight,Shelf Management,,,,,,,,http://www.sjdg.com.au/product_images/m/941/Z-SPFR40__79422.jpg,Z-SPFR40-usage1__92575.jpg,http://www.sjdg.com.au/product_images/h/582/Z-SPFR40-usage1__92575.jpg,Z-SPFR-usage2__76163.jpg,http://www.sjdg.com.au/product_images/p/541/Z-SPFR-usage2__76163.jpg,Z-SPFR40__79422.jpg,http://www.sjdg.com.au/product_images/m/941/Z-SPFR40__79422.jpg,,,,,,,,,,,,,,
Spotlight,Z-SPFR751170," <p>Clips to Shelf Acrylic Front Riser, use canoe clips (D-CC0268) displayed in this category - you will need 5 canoe clips to fix each riser.</p>",,,Spotlight;Spotlight/Shelf Management,Spotlight,Shelf Management,,,,,,,,http://www.sjdg.com.au/product_images/i/073/Z-SPFR75-product__86895.jpg,Z-SPFR75-usage1__72018.jpg,http://www.sjdg.com.au/product_images/c/571/Z-SPFR75-usage1__72018.jpg,Z-SPFR-usage2__50053.jpg,http://www.sjdg.com.au/product_images/b/325/Z-SPFR-usage2__50053.jpg,Z-SPFR75-product__86895.jpg,http://www.sjdg.com.au/product_images/i/073/Z-SPFR75-product__86895.jpg,,,,,,,,,,,,,,
Spotlight,Z-SPFR75765," <p>Clips to Shelf Acrylic Front Riser, use canoe clips (D-CC0268) displayed in this category - you will need 5 canoe clips to fix each riser.</p>",,,Spotlight;Spotlight/Shelf Management,Spotlight,Shelf Management,,,,,,,,http://www.sjdg.com.au/product_images/i/073/Z-SPFR75-product__86895.jpg,Z-SPFR75-usage1__72018.jpg,http://www.sjdg.com.au/product_images/c/571/Z-SPFR75-usage1__72018.jpg,Z-SPFR-usage2__50053.jpg,http://www.sjdg.com.au/product_images/b/325/Z-SPFR-usage2__50053.jpg,Z-SPFR75-product__86895.jpg,http://www.sjdg.com.au/product_images/i/073/Z-SPFR75-product__86895.jpg,,,,,,,,,,,,,,
Spotlight,Z-SPFR75870," <p>Clips to Shelf Acrylic Front Riser, use canoe clips (D-CC0268) displayed in this category - you will need 5 canoe clips to fix each riser.</p>",,,Spotlight;Spotlight/Shelf Management,Spotlight,Shelf Management,,,,,,,,http://www.sjdg.com.au/product_images/i/073/Z-SPFR75-product__86895.jpg,Z-SPFR75-usage1__72018.jpg,http://www.sjdg.com.au/product_images/c/571/Z-SPFR75-usage1__72018.jpg,Z-SPFR-usage2__50053.jpg,http://www.sjdg.com.au/product_images/b/325/Z-SPFR-usage2__50053.jpg,Z-SPFR75-product__86895.jpg,http://www.sjdg.com.au/product_images/i/073/Z-SPFR75-product__86895.jpg,,,,,,,,,,,,,,
Spotlight,Z-SPGCSR, <p>400mm high. 140mm square. White plastic with 8mm x 50mm plastic hooks and 80mm x 120mm card display on each face.</p>,,,Spotlight/Acrylic Display,Acrylic Display,,,,,,,,,http://www.sjdg.com.au/product_images/b/494/Z-SPGCSSR-product__33982.jpg,Z-SPGCR-usage2__98581.jpg,http://www.sjdg.com.au/product_images/d/841/Z-SPGCR-usage2__98581.jpg,Z-SPGCSR-usage1__62998.jpg,http://www.sjdg.com.au/product_images/g/048/Z-SPGCSR-usage1__62998.jpg,Z-SPGCSSR-product__33982.jpg,http://www.sjdg.com.au/product_images/b/494/Z-SPGCSSR-product__33982.jpg,,,,,,,,,,,,,,
Spotlight,Z-SPGHOOK75,<p>Spotlight Power End Hook</p>,,,Spotlight/Display Hooks,Display Hooks,,,,,,,,,http://www.sjdg.com.au/product_images/y/603/Z-SPSFHOOK100-product__73394.jpg,Z-SPGHOOK75-usage1__17762.jpg,http://www.sjdg.com.au/product_images/t/349/Z-SPGHOOK75-usage1__17762.jpg,Z-SPSFHOOK100-product__73394.jpg,http://www.sjdg.com.au/product_images/y/603/Z-SPSFHOOK100-product__73394.jpg,,,,,,,,,,,,,,,,
Spotlight,Z-SPMTHPP," <p class=""p1"">Spoltlight Mesh Ticket Holder</p> <p>Pack of 20</p>",,,Spotlight/Display Accessories,Display Accessories,,,,,,,,,http://www.sjdg.com.au/product_images/u/850/Z-SPMTHPP__24418.jpg,Z-SPMTHPP__24418.jpg,http://www.sjdg.com.au/product_images/u/850/Z-SPMTHPP__24418.jpg,,,,,,,,,,,,,,,,,,
Spotlight,Z-SPP, <p>Clear PVC ticket holders with hanging holes.</p>,,,Spotlight/Display Accessories,Display Accessories,,,,,,,,,http://www.sjdg.com.au/product_images/t/018/Z-SPP4-product__11146.jpg,Z-SPP4-product__11146.jpg,http://www.sjdg.com.au/product_images/t/018/Z-SPP4-product__11146.jpg,,,,,,,,,,,,,,,,,,
Spotlight,Z-SPPCD, <p>Acrylic Catalogue Dispenser for mounting on Fabric Frame Poles. Suitable for DL Size Brochures. <br />(100mm (W) x 210mm (H))</p>,,,Spotlight/Brochure Holders,Brochure Holders,,,,,,,,,http://www.sjdg.com.au/product_images/h/223/Z-SPPCD-product__15255.jpg,Z-SPPCD-product__15255.jpg,http://www.sjdg.com.au/product_images/h/223/Z-SPPCD-product__15255.jpg,,,,,,,,,,,,,,,,,,
Spotlight,Z-SPPWPP, <p>Spotlight Pillow Wrap.</p>,,,Spotlight/Display Accessories,Display Accessories,,,,,,,,,http://www.sjdg.com.au/product_images/b/206/Z-SPPWPP__08849.jpg,Z-SPPWPP__08849.jpg,http://www.sjdg.com.au/product_images/b/206/Z-SPPWPP__08849.jpg,,,,,,,,,,,,,,,,,,
Spotlight,Z-SPRUG, <p>Spotlight Rug Ticket Holder.</p>,,,Spotlight/Poster Display Systems ,Poster Display Systems ,,,,,,,,,http://www.sjdg.com.au/product_images/n/212/Z-SPRUG-product__07208.jpg,Z-SPRUG-product__07208.jpg,http://www.sjdg.com.au/product_images/n/212/Z-SPRUG-product__07208.jpg,,,,,,,,,,,,,,,,,,
Spotlight,Z-SPSBSRD, <p>Spotlight Red 20 Litre Shopping Basket with plastic handles.</p>,,,Spotlight/Retail Equipment,Retail Equipment,,,,,,,,,http://www.sjdg.com.au/product_images/g/469/Z-SPSBSRD-product__97456.jpg,Z-SPSBSRD-product__97456.jpg,http://www.sjdg.com.au/product_images/g/469/Z-SPSBSRD-product__97456.jpg,,,,,,,,,,,,,,,,,,
Spotlight,Z-SPSFA1HH, <p>Spotlight A1 Snap Frame with Clips &amp; Clear Cover.</p>,,,Spotlight/Poster Display Systems ,Poster Display Systems ,,,,,,,,,http://www.sjdg.com.au/product_images/h/648/Z-SPSFA1-product__83687.jpg,Z-SPSFA1-detail__89003.jpg,http://www.sjdg.com.au/product_images/c/720/Z-SPSFA1-detail__89003.jpg,Z-SPSFA1-product__83687.jpg,http://www.sjdg.com.au/product_images/h/648/Z-SPSFA1-product__83687.jpg,,,,,,,,,,,,,,,,
Spotlight,Z-SPSG75, <p>Signage Gripper 75mm</p>,,,Spotlight/Poster Display Systems ,Poster Display Systems ,,,,,,,,,http://www.sjdg.com.au/product_images/q/648/Z-SPSG75__87417.jpg,Z-SPSG75__87417.jpg,http://www.sjdg.com.au/product_images/q/648/Z-SPSG75__87417.jpg,,,,,,,,,,,,,,,,,,
Spotlight,Z-SPSH, <p>Spotlight Acrylic Sample Holder.</p>,,,Spotlight;Spotlight/Acrylic Display,Spotlight,Acrylic Display,,,,,,,,http://www.sjdg.com.au/product_images/q/842/Z-SPSH-product__72149.jpg,Z-SPSH-product__72149.jpg,http://www.sjdg.com.au/product_images/q/842/Z-SPSH-product__72149.jpg,,,,,,,,,,,,,,,,,,
Spotlight,Z-SPSMF801130WE," <p class=""p1"">Multi-Fit Datastrip. Holds label to 80mm high vertically. Clear front.</p> ",,,Spotlight/Datastrip,Datastrip,,,,,,,,,http://www.sjdg.com.au/product_images/q/578/Multi_Fit_Datstrip__20805.jpg,Multi_Fit_Data_Strip__44009.jpg,http://www.sjdg.com.au/product_images/t/845/Multi_Fit_Data_Strip__44009.jpg,Multi_Fit_Datstrip__20805.jpg,http://www.sjdg.com.au/product_images/q/578/Multi_Fit_Datstrip__20805.jpg,,,,,,,,,,,,,,,,
Spotlight,Z-SPSMF80860WE," <p class=""p1"">Multi-Fit Datastrip. Holds label to 80mm high vertically. Clear front.</p> ",,,Spotlight/Datastrip,Datastrip,,,,,,,,,http://www.sjdg.com.au/product_images/q/578/Multi_Fit_Datstrip__20805.jpg,Multi_Fit_Data_Strip__44009.jpg,http://www.sjdg.com.au/product_images/t/845/Multi_Fit_Data_Strip__44009.jpg,Multi_Fit_Datstrip__20805.jpg,http://www.sjdg.com.au/product_images/q/578/Multi_Fit_Datstrip__20805.jpg,,,,,,,,,,,,,,,,
Spotlight,Z-SPSMF801170WE," <p class=""p1"">Multi-Fit Datastrip. Holds label to 80mm high vertically. Clear front.</p> ",,,Spotlight/Datastrip,Datastrip,,,,,,,,,http://www.sjdg.com.au/product_images/q/578/Multi_Fit_Datstrip__20805.jpg,Multi_Fit_Data_Strip__44009.jpg,http://www.sjdg.com.au/product_images/t/845/Multi_Fit_Data_Strip__44009.jpg,Multi_Fit_Datstrip__20805.jpg,http://www.sjdg.com.au/product_images/q/578/Multi_Fit_Datstrip__20805.jpg,,,,,,,,,,,,,,,,
Spotlight,Z-SPSSGH, <p>&nbsp;Clips onto gables for signage.</p>,,,Spotlight/Display Accessories,Display Accessories,,,,,,,,,http://www.sjdg.com.au/product_images/t/330/Z-SPSSGH-product__19611.jpg,Z-SPSSGH-usage1__08985.jpg,http://www.sjdg.com.au/product_images/u/508/Z-SPSSGH-usage1__08985.jpg,Z-SPSSGH-product__19611.jpg,http://www.sjdg.com.au/product_images/t/330/Z-SPSSGH-product__19611.jpg,,,,,,,,,,,,,,,,
Spotlight,Z-SPSWBHXL, <p>Spotlight Slatwall Book Holder X-Large.</p>,,,Spotlight/Retail Equipment,Retail Equipment,,,,,,,,,http://www.sjdg.com.au/product_images/e/687/Z-SPSWBHXL__83168.jpg,Z-SPSWBHXL__83168.jpg,http://www.sjdg.com.au/product_images/e/687/Z-SPSWBHXL__83168.jpg,,,,,,,,,,,,,,,,,,
Spotlight,Z-SPUMB, <p>Spotlight Umbilical Duct comes in 10 and 15 Metre Lengths. Works with umbilical collars Z-SPUMBC.</p> <p>Z-SPUMBPP - 15 Metre</p> <p>Z-SPUMB10PP - 10 Metre</p>,,,Spotlight/Retail Equipment,Retail Equipment,,,,,,,,,http://www.sjdg.com.au/product_images/i/598/Z-SPUMB-product__96872.jpg,Z-SPUMB-usage1__80566.jpg,http://www.sjdg.com.au/product_images/s/279/Z-SPUMB-usage1__80566.jpg,Z-SPUMB-usage2__66006.jpg,http://www.sjdg.com.au/product_images/p/198/Z-SPUMB-usage2__66006.jpg,Z-SPUM-usage4__51080.jpg,http://www.sjdg.com.au/product_images/m/580/Z-SPUM-usage4__51080.jpg,Z-SPUMB-product__96872.jpg,http://www.sjdg.com.au/product_images/i/598/Z-SPUMB-product__96872.jpg,,,,,,,,,,,,
Spotlight,Z-SPUMBC, <p>Spotlight Umbilical Collars for counter.</p>,,,Spotlight/Retail Equipment,Retail Equipment,,,,,,,,,http://www.sjdg.com.au/product_images/w/359/Z-SPUMBC-product__01369.jpg,Z-SPUMB-usage1__22003.jpg,http://www.sjdg.com.au/product_images/r/021/Z-SPUMB-usage1__22003.jpg,Z-SPUMB-usage2__23355.jpg,http://www.sjdg.com.au/product_images/e/442/Z-SPUMB-usage2__23355.jpg,Z-SPUM-usage4__07429.jpg,http://www.sjdg.com.au/product_images/p/392/Z-SPUM-usage4__07429.jpg,Z-SPUMBC-product__01369.jpg,http://www.sjdg.com.au/product_images/w/359/Z-SPUMBC-product__01369.jpg,,,,,,,,,,,,
Spotlight,Z-SPUT, <p>Spotlight Utensil Tray.</p>,,,Spotlight/Retail Equipment,Retail Equipment,,,,,,,,,http://www.sjdg.com.au/product_images/a/934/Z-SPUT-product__35785.jpg,Z-SPUT-product__35785.jpg,http://www.sjdg.com.au/product_images/a/934/Z-SPUT-product__35785.jpg,,,,,,,,,,,,,,,,,,
